[
	{
		"season": "Pre- Winter Notifications",
		"id": 1,
		"name": "Check that drains are working correctly around the property"
	},
	{
		"season": "Pre- Winter Notifications",
		"id": 2,
		"name": "Have roof inspected for leaks and insulation"
	},
	{
		"season": "Pre- Winter Notifications",
		"id": 3,
		"name": "Have windows resealed and caulked"
	},
	{
		"season": "Pre- Winter Notifications",
		"id": 4,
		"name": "Cut away branches of trees that hang over the house"
	},
	{
		"season": "Pre- Winter Notifications",
		"id": 5,
		"name": "Check all plumbing for leaks"
	},
	{
		"season": "Pre- Winter Notifications",
		"id": 6,
		"name": "Fireplace inspection and cleaning"
	},
	{
		"season": "Pre- Winter Notifications",
		"id": 7,
		"name": "Check to ensure that the HVAC and ducts are working"
	}
]




